associativity,swim.trace,gzip.trace,gcc.trace,twolf.trace,mcf.trace
2,92.62054203098357,66.70554044952229,93.83051215572358,98.74633406790052,1.031998129890131
4,92.62054203098357,66.70554044952229,93.83051215572358,98.74633406790052,1.031998129890131
8,92.62054203098357,66.70554044952229,93.83051215572358,98.74633406790052,1.031998129890131
16,92.62054203098357,66.70554044952229,93.83051215572358,98.74633406790052,1.031998129890131
32,92.62054203098357,66.70554044952229,93.83051215572358,98.74633406790052,1.031998129890131
64,92.62054203098357,66.70554044952229,93.83051215572358,98.74633406790052,1.031998129890131
